{
  "input": "/Users/ankitkumar/Documents/nerd-dmsc/data/val/kodim19.png",
  "output_dir": "/Users/ankitkumar/Documents/nerd-dmsc/data/debug/kodim19",
  "pattern": "gbrg",
  "feature_channels": 52,
  "height": 768,
  "width": 512,
  "periodic_peak": {
    "y": 504,
    "x": 135
  },
  "periodicity_score": {
    "mode": "percentile_1_99",
    "lo": 0.09646133966743946,
    "hi": 1.6344547271728505,
    "min": 0.03405936062335968,
    "max": 4.688045024871826,
    "mean": 0.5981070399284363,
    "std": 0.3915172219276428
  },
  "features": {
    "r_mask": {
      "mode": "percentile_1_99",
      "lo": 0.0,
      "hi": 1.0,
      "min": 0.0,
      "max": 1.0,
      "mean": 0.25,
      "std": 0.4330126941204071
    },
    "g_mask": {
      "mode": "percentile_1_99",
      "lo": 0.0,
      "hi": 1.0,
      "min": 0.0,
      "max": 1.0,
      "mean": 0.5,
      "std": 0.5
    },
    "b_mask": {
      "mode": "percentile_1_99",
      "lo": 0.0,
      "hi": 1.0,
      "min": 0.0,
      "max": 1.0,
      "mean": 0.25,
      "std": 0.4330126941204071
    },
    "gr_mask": {
      "mode": "percentile_1_99",
      "lo": 0.0,
      "hi": 1.0,
      "min": 0.0,
      "max": 1.0,
      "mean": 0.25,
      "std": 0.4330126941204071
    },
    "gb_mask": {
      "mode": "percentile_1_99",
      "lo": 0.0,
      "hi": 1.0,
      "min": 0.0,
      "max": 1.0,
      "mean": 0.25,
      "std": 0.4330126941204071
    },
    "row_parity": {
      "mode": "percentile_1_99",
      "lo": 0.0,
      "hi": 1.0,
      "min": 0.0,
      "max": 1.0,
      "mean": 0.5,
      "std": 0.5
    },
    "col_parity": {
      "mode": "percentile_1_99",
      "lo": 0.0,
      "hi": 1.0,
      "min": 0.0,
      "max": 1.0,
      "mean": 0.5,
      "std": 0.5
    },
    "laplacian": {
      "mode": "signed_symmetric",
      "scale": 2.9529411792755127,
      "min": -2.247058868408203,
      "max": 2.9529411792755127,
      "mean": -0.00016796613635960966,
      "std": 0.29007193446159363
    },
    "hessian_xx": {
      "mode": "signed_symmetric",
      "scale": 1.5098040103912354,
      "min": -1.5098040103912354,
      "max": 1.5058823823928833,
      "mean": -3.575353548512794e-05,
      "std": 0.19140808284282684
    },
    "hessian_yy": {
      "mode": "signed_symmetric",
      "scale": 1.458823561668396,
      "min": -1.458823561668396,
      "max": 1.447058916091919,
      "mean": -0.00013221282279118896,
      "std": 0.1860915869474411
    },
    "hessian_xy": {
      "mode": "signed_symmetric",
      "scale": 0.2980392277240753,
      "min": -0.28333336114883423,
      "max": 0.2980392277240753,
      "mean": -3.291108612302196e-07,
      "std": 0.020540708675980568
    },
    "morphological_gradient": {
      "mode": "percentile_1_99",
      "lo": 0.019607841968536377,
      "hi": 0.7019608020782471,
      "min": 0.003921568393707275,
      "max": 1.0,
      "mean": 0.18978536128997803,
      "std": 0.15303805470466614
    },
    "grad_x": {
      "mode": "signed_symmetric",
      "scale": 0.42941176891326904,
      "min": -0.42941176891326904,
      "max": 0.40931373834609985,
      "mean": -0.00010351291712140664,
      "std": 0.04853495582938194
    },
    "grad_y": {
      "mode": "signed_symmetric",
      "scale": 0.4588235318660736,
      "min": -0.41911765933036804,
      "max": 0.4588235318660736,
      "mean": -0.0003048417274840176,
      "std": 0.039387352764606476
    },
    "grad_diag_main": {
      "mode": "signed_symmetric",
      "scale": 0.4215686321258545,
      "min": -0.39803922176361084,
      "max": 0.4215686321258545,
      "mean": -0.0003062628675252199,
      "std": 0.04585020989179611
    },
    "grad_diag_anti": {
      "mode": "signed_symmetric",
      "scale": 0.4318627715110779,
      "min": -0.4318627715110779,
      "max": 0.3323529362678528,
      "mean": 0.0001509996800450608,
      "std": 0.04655316099524498
    },
    "grad_magnitude": {
      "mode": "percentile_1_99",
      "lo": 0.0014004172990098596,
      "hi": 0.2593383491039276,
      "min": 0.0010000000474974513,
      "max": 0.4589293301105499,
      "mean": 0.03423621878027916,
      "std": 0.05230669677257538
    },
    "structure_coherence": {
      "mode": "percentile_1_99",
      "lo": 0.3410874933004379,
      "hi": 58.25554676055908,
      "min": 0.026935109868645668,
      "max": 260.10009765625,
      "mean": 10.00278377532959,
      "std": 13.778531074523926
    },
    "structure_anisotropy": {
      "mode": "signed_symmetric",
      "scale": 0.9998513460159302,
      "min": -0.9998513460159302,
      "max": 0.999601423740387,
      "mean": -0.12523867189884186,
      "std": 0.5201486349105835
    },
    "ha_second_h": {
      "mode": "signed_symmetric",
      "scale": 0.8058823347091675,
      "min": -0.7980391979217529,
      "max": 0.8058823347091675,
      "mean": -4.128659838897875e-06,
      "std": 0.08576424419879913
    },
    "ha_second_v": {
      "mode": "signed_symmetric",
      "scale": 0.8921568393707275,
      "min": -0.8921568393707275,
      "max": 0.8215686082839966,
      "mean": 7.086016921675764e-06,
      "std": 0.07020358741283417
    },
    "ha_green_h": {
      "mode": "signed_symmetric",
      "scale": 1.284313678741455,
      "min": -0.20686274766921997,
      "max": 1.284313678741455,
      "mean": 0.4422948658466339,
      "std": 0.19172504544258118
    },
    "ha_green_v": {
      "mode": "signed_symmetric",
      "scale": 1.231372594833374,
      "min": -0.2950980067253113,
      "max": 1.231372594833374,
      "mean": 0.4422522485256195,
      "std": 0.1908915489912033
    },
    "ha_hv_disagreement": {
      "mode": "percentile_1_99",
      "lo": 0.0,
      "hi": 0.34215688705444336,
      "min": 0.0,
      "max": 0.8872549533843994,
      "mean": 0.07314863055944443,
      "std": 0.08564110100269318
    },
    "ha_residual_h": {
      "mode": "signed_symmetric",
      "scale": 0.6950980424880981,
      "min": -0.6196078658103943,
      "max": 0.6950980424880981,
      "mean": -1.9940487618441693e-05,
      "std": 0.0863119587302208
    },
    "ha_residual_v": {
      "mode": "signed_symmetric",
      "scale": 0.6803921461105347,
      "min": -0.6627451181411743,
      "max": 0.6803921461105347,
      "mean": -6.256279448280111e-05,
      "std": 0.08612118661403656
    },
    "ha_residual_energy_h": {
      "mode": "percentile_1_99",
      "lo": 0.0025490284897387028,
      "hi": 0.204313725233078,
      "min": 0.0001960813970072195,
      "max": 0.6105882525444031,
      "mean": 0.06444144248962402,
      "std": 0.054004766047000885
    },
    "ha_residual_energy_v": {
      "mode": "percentile_1_99",
      "lo": 0.0027450979687273502,
      "hi": 0.20509803295135498,
      "min": 0.0,
      "max": 0.6225489974021912,
      "mean": 0.06421127915382385,
      "std": 0.05404557287693024
    },
    "directional_grad_diff": {
      "mode": "signed_symmetric",
      "scale": 0.4490196108818054,
      "min": -0.4490196108818054,
      "max": 0.4274509847164154,
      "mean": 0.0026441190857440233,
      "std": 0.05195197835564613
    },
    "directional_second_diff": {
      "mode": "signed_symmetric",
      "scale": 0.8666666150093079,
      "min": -0.8666666150093079,
      "max": 0.7254902124404907,
      "mean": 0.0050140125676989555,
      "std": 0.08733528107404709
    },
    "line_variance_h": {
      "mode": "signed_symmetric",
      "scale": 0.17100867629051208,
      "min": -4.470348358154297e-08,
      "max": 0.17100867629051208,
      "mean": 0.005306851584464312,
      "std": 0.011688669212162495
    },
    "line_variance_v": {
      "mode": "signed_symmetric",
      "scale": 0.17402905225753784,
      "min": -4.470348358154297e-08,
      "max": 0.17402905225753784,
      "mean": 0.004259640816599131,
      "std": 0.009681346826255322
    },
    "line_variance_diff": {
      "mode": "signed_symmetric",
      "scale": 0.1705596148967743,
      "min": -0.1705596148967743,
      "max": 0.166697695851326,
      "mean": 0.001047210767865181,