{
  "input": "/Users/ankitkumar/Documents/nerd-dmsc/data/val/kodim19.png",
  "output_dir": "/Users/ankitkumar/Documents/nerd-dmsc/data/debug/feature30/kodim19",
  "pattern": "gbrg",
  "feature_channels": 30,
  "height": 768,
  "width": 512,
  "periodic_peak": {
    "y": 500,
    "x": 130
  },
  "periodicity_score": {
    "mode": "percentile_1_99",
    "lo": 0.023428530991077424,
    "hi": 0.9135843783617015,
    "min": 0.006830641999840736,
    "max": 1.658221960067749,
    "mean": 0.2575681209564209,
    "std": 0.20016813278198242
  },
  "features": {
    "grad_x": {
      "mode": "signed_symmetric",
      "scale": 0.42941176891326904,
      "min": -0.42941176891326904,
      "max": 0.40931373834609985,
      "mean": -0.00010351291712140664,
      "std": 0.04853495582938194
    },
    "grad_y": {
      "mode": "signed_symmetric",
      "scale": 0.4588235318660736,
      "min": -0.41911765933036804,
      "max": 0.4588235318660736,
      "mean": -0.0003048417274840176,
      "std": 0.039387352764606476
    },
    "grad_diag_main": {
      "mode": "signed_symmetric",
      "scale": 0.4215686321258545,
      "min": -0.39803922176361084,
      "max": 0.4215686321258545,
      "mean": -0.0003062628675252199,
      "std": 0.04585020989179611
    },
    "grad_diag_anti": {
      "mode": "signed_symmetric",
      "scale": 0.4318627715110779,
      "min": -0.4318627715110779,
      "max": 0.3323529362678528,
      "mean": 0.0001509996800450608,
      "std": 0.04655316099524498
    },
    "grad_magnitude": {
      "mode": "percentile_1_99",
      "lo": 0.0014004172990098596,
      "hi": 0.2593383491039276,
      "min": 0.0010000000474974513,
      "max": 0.4589293301105499,
      "mean": 0.03423621878027916,
      "std": 0.05230669677257538
    },
    "laplacian": {
      "mode": "signed_symmetric",
      "scale": 2.9529411792755127,
      "min": -2.247058868408203,
      "max": 2.9529411792755127,
      "mean": -0.00016796613635960966,
      "std": 0.29007193446159363
    },
    "hessian_lambda_max": {
      "mode": "signed_symmetric",
      "scale": 1.5102801322937012,
      "min": -1.0936262607574463,
      "max": 1.5102801322937012,
      "mean": 0.0809040293097496,
      "std": 0.1588035523891449
    },
    "hessian_lambda_min": {
      "mode": "signed_symmetric",
      "scale": 1.5262818336486816,
      "min": -1.5262818336486816,
      "max": 1.4426612854003906,
      "mean": -0.08107198029756546,
      "std": 0.18377918004989624
    },
    "structure_anisotropy": {
      "mode": "percentile_1_99",
      "lo": 0.34108746349811553,
      "hi": 58.2555549621582,
      "min": 0.02693510428071022,
      "max": 260.10009765625,
      "mean": 10.00278377532959,
      "std": 13.778531074523926
    },
    "directional_variance": {
      "mode": "signed_symmetric",
      "scale": 0.1705596148967743,
      "min": -0.1705596148967743,
      "max": 0.16669772565364838,
      "mean": 0.0010472105350345373,
      "std": 0.013080798089504242
    },
    "orientation_energy": {
      "mode": "percentile_1_99",
      "lo": 0.0042622145265340805,
      "hi": 0.20302225872874244,
      "min": 0.00220106216147542,
      "max": 0.3230082392692566,
      "mean": 0.040545862168073654,
      "std": 0.04760373756289482
    },
    "r_mask": {
      "mode": "percentile_1_99",
      "lo": 0.0,
      "hi": 1.0,
      "min": 0.0,
      "max": 1.0,
      "mean": 0.25,
      "std": 0.4330126941204071
    },
    "g_mask": {
      "mode": "percentile_1_99",
      "lo": 0.0,
      "hi": 1.0,
      "min": 0.0,
      "max": 1.0,
      "mean": 0.5,
      "std": 0.5
    },
    "b_mask": {
      "mode": "percentile_1_99",
      "lo": 0.0,
      "hi": 1.0,
      "min": 0.0,
      "max": 1.0,
      "mean": 0.25,
      "std": 0.4330126941204071
    },
    "green_phase_difference": {
      "mode": "signed_symmetric",
      "scale": 0.2755293846130371,
      "min": -0.2755293846130371,
      "max": 0.2737254798412323,
      "mean": 0.00016279518604278564,
      "std": 0.03265281021595001
    },
    "rg_difference": {
      "mode": "signed_symmetric",
      "scale": 0.544901967048645,
      "min": -0.0992443859577179,
      "max": 0.544901967048645,
      "mean": 0.026900844648480415,
      "std": 0.05463593825697899
    },
    "bg_difference": {
      "mode": "signed_symmetric",
      "scale": 0.6348235607147217,
      "min": -0.6348235607147217,
      "max": 0.08623623847961426,
      "mean": -0.0677579864859581,
      "std": 0.07517048716545105
    },
    "green_interp_residual": {
      "mode": "signed_symmetric",
      "scale": 0.38529402017593384,
      "min": -0.2828431725502014,
      "max": 0.38529402017593384,
      "mean": -2.1861281140900246e-07,
      "std": 0.02203851193189621
    },
    "directional_green_consistency": {
      "mode": "percentile_1_99",
      "lo": 0.0,
      "hi": 0.12647056579589844,
      "min": 0.0,
      "max": 0.3343137502670288,
      "mean": 0.01109639834612608,
      "std": 0.024381957948207855
    },
    "chroma_residual_magnitude": {
      "mode": "percentile_1_99",
      "lo": 0.004184791445732116,
      "hi": 0.27458817511796924,
      "min": 0.0010000000474974513,
      "max": 0.6618658304214478,
      "mean": 0.0966501235961914,
      "std": 0.06789876520633698
    },
    "color_difference_variance": {
      "mode": "percentile_1_99",
      "lo": 8.544870070181787e-06,
      "hi": 0.006305734068155279,
      "min": 1.7192214727401733e-06,
      "max": 0.025037141516804695,
      "mean": 0.0005499754915945232,
      "std": 0.001327988924458623
    },
    "checkerboard_energy": {
      "mode": "percentile_1_99",
      "lo": 0.00012569129467010498,
      "hi": 0.05419810004532337,
      "min": 0.0,
      "max": 0.18384869396686554,
      "mean": 0.013570137321949005,
      "std": 0.014117194339632988
    },
    "stripe_horizontal": {
      "mode": "percentile_1_99",
      "lo": 0.00045752525329589844,
      "hi": 0.12026145830750465,
      "min": 0.0,
      "max": 0.23281046748161316,
      "mean": 0.031470511108636856,
      "std": 0.02453054115176201
    },
    "stripe_vertical": {
      "mode": "percentile_1_99",
      "lo": 0.0004575215280056,
      "hi": 0.11502285897731629,
      "min": 0.0,
      "max": 0.25915032625198364,
      "mean": 0.03117945045232773,
      "std": 0.02380567230284214
    },
    "alternating_diff_x": {
      "mode": "percentile_1_99",
      "lo": 0.00045752525329589844,
      "hi": 0.12026145830750465,
      "min": 0.0,
      "max": 0.23281046748161316,
      "mean": 0.031470511108636856,
      "std": 0.02453054115176201
    },
    "alternating_diff_y": {
      "mode": "percentile_1_99",
      "lo": 0.0004575215280056,
      "hi": 0.11502285897731629,
      "min": 0.0,
      "max": 0.25915032625198364,
      "mean": 0.03117945045232773,
      "std": 0.02380567230284214
    },
    "phase_shift_energy": {
      "mode": "percentile_1_99",
      "lo": 0.003586778708267957,
      "hi": 0.2610060036182402,
      "min": 0.001012303400784731,
      "max": 0.3956315517425537,
      "mean": 0.04509726166725159,
      "std": 0.0550423189997673
    },
    "sinusoid_proj_x": {
      "mode": "signed_symmetric",
      "scale": 0.369026243686676,
      "min": -0.3334866166114807,
      "max": 0.369026243686676,
      "mean": 0.00011556177196325734,
      "std": 0.04125949740409851
    },
    "sinusoid_proj_y": {
      "mode": "signed_symmetric",
      "scale": 0.3699839115142822,
      "min": -0.3622169494628906,
      "max": 0.3699839115142822,
      "mean": 0.0003326202277094126,
      "std": 0.033146124333143234
    },
    "highband_alias_energy": {
      "mode": "percentile_1_99",
      "lo": 0.0031718271784484386,
      "hi": 0.15534834861755342,
      "min": 0.00017660856246948242,
      "max": 0.579901397228241,
      "mean": 0.036836013197898865,
      "std": 0.034148603677749634
    }
  }
}